cell_a,cell_b,IR_a,IR_b,OCV_a,OCV_b,delta_IR,delta_OCV,same_chemistry,compatible
HNEI_18650_NMC_LCO_25C_0-100_0.5-1.5C_a,HNEI_18650_NMC_LCO_25C_0-100_0.5-1.5C_b,0.07504116678428603,0.0869974135904067,2.999,2.999,0.011956246806120674,0.0,True,0
HNEI_18650_NMC_LCO_25C_0-100_0.5-1.5C_a,HNEI_18650_NMC_LCO_25C_0-100_0.5-1.5C_c,0.07504116678428603,0.07744821092278713,2.999,3.302,0.0024070441385010966,0.30299999999999994,True,0
HNEI_18650_NMC_LCO_25C_0-100_0.5-1.5C_a,HNEI_18650_NMC_LCO_25C_0-100_0.5-1.5C_d,0.07504116678428603,0.06595238095238078,2.999,3.525,0.009088785831905255,0.5259999999999998,True,0
HNEI_18650_NMC_LCO_25C_0-100_0.5-1.5C_a,HNEI_18650_NMC_LCO_25C_0-100_0.5-1.5C_e,0.07504116678428603,0.07790068251353259,2.999,3.008,0.002859515729246559,0.008999999999999897,True,1
HNEI_18650_NMC_LCO_25C_0-100_0.5-1.5C_a,HNEI_18650_NMC_LCO_25C_0-100_0.5-1.5C_f,0.07504116678428603,0.07524100634846,2.999,2.999,0.00019983956417396476,0.0,True,1
HNEI_18650_NMC_LCO_25C_0-100_0.5-1.5C_a,HNEI_18650_NMC_LCO_25C_0-100_0.5-1.5C_g,0.07504116678428603,0.07672393504353957,2.999,2.999,0.0016827682592535365,0.0,True,1
HNEI_18650_NMC_LCO_25C_0-100_0.5-1.5C_a,HNEI_18650_NMC_LCO_25C_0-100_0.5-1.5C_j,0.07504116678428603,0.07433545048223955,2.999,3.77,0.0007057163020464802,0.7709999999999999,True,0
HNEI_18650_NMC_LCO_25C_0-100_0.5-1.5C_a,HNEI_18650_NMC_LCO_25C_0-100_0.5-1.5C_l,0.07504116678428603,0.0673328574827505,2.999,3.551,0.007708309301535529,0.552,True,0
HNEI_18650_NMC_LCO_25C_0-100_0.5-1.5C_a,HNEI_18650_NMC_LCO_25C_0-100_0.5-1.5C_n,0.07504116678428603,0.0757112626381379,2.999,3.275,0.0006700958538518736,0.2759999999999998,True,0
HNEI_18650_NMC_LCO_25C_0-100_0.5-1.5C_a,HNEI_18650_NMC_LCO_25C_0-100_0.5-1.5C_o,0.07504116678428603,0.08776470588235288,2.999,2.999,0.012723539098066852,0.0,True,0
HNEI_18650_NMC_LCO_25C_0-100_0.5-1.5C_a,HNEI_18650_NMC_LCO_25C_0-100_0.5-1.5C_p,0.07504116678428603,0.13333333333333333,2.999,3.538,0.0582921665490473,0.5389999999999997,True,0
HNEI_18650_NMC_LCO_25C_0-100_0.5-1.5C_a,HNEI_18650_NMC_LCO_25C_0-100_0.5-1.5C_s,0.07504116678428603,0.07708578143360759,2.999,2.999,0.002044614649321555,0.0,True,1
HNEI_18650_NMC_LCO_25C_0-100_0.5-1.5C_a,HNEI_18650_NMC_LCO_25C_0-100_0.5-1.5C_t,0.07504116678428603,0.07970844110039982,2.999,3.286,0.004667274316113787,0.2869999999999999,True,0
HNEI_18650_NMC_LCO_25C_0-100_0.5-1.5C_b,HNEI_18650_NMC_LCO_25C_0-100_0.5-1.5C_c,0.0869974135904067,0.07744821092278713,2.999,3.302,0.009549202667619577,0.30299999999999994,True,0
HNEI_18650_NMC_LCO_25C_0-100_0.5-1.5C_b,HNEI_18650_NMC_LCO_25C_0-100_0.5-1.5C_d,0.0869974135904067,0.06595238095238078,2.999,3.525,0.02104503263802593,0.5259999999999998,True,0
HNEI_18650_NMC_LCO_25C_0-100_0.5-1.5C_b,HNEI_18650_NMC_LCO_25C_0-100_0.5-1.5C_e,0.0869974135904067,0.07790068251353259,2.999,3.008,0.009096731076874115,0.008999999999999897,True,0
HNEI_18650_NMC_LCO_25C_0-100_0.5-1.5C_b,HNEI_18650_NMC_LCO_25C_0-100_0.5-1.5C_f,0.0869974135904067,0.07524100634846,2.999,2.999,0.01175640724194671,0.0,True,0
HNEI_18650_NMC_LCO_25C_0-100_0.5-1.5C_b,HNEI_18650_NMC_LCO_25C_0-100_0.5-1.5C_g,0.0869974135904067,0.07672393504353957,2.999,2.999,0.010273478546867137,0.0,True,0
HNEI_18650_NMC_LCO_25C_0-100_0.5-1.5C_b,HNEI_18650_NMC_LCO_25C_0-100_0.5-1.5C_j,0.0869974135904067,0.07433545048223955,2.999,3.77,0.012661963108167154,0.7709999999999999,True,0
HNEI_18650_NMC_LCO_25C_0-100_0.5-1.5C_b,HNEI_18650_NMC_LCO_25C_0-100_0.5-1.5C_l,0.0869974135904067,0.0673328574827505,2.999,3.551,0.019664556107656203,0.552,True,0
HNEI_18650_NMC_LCO_25C_0-100_0.5-1.5C_b,HNEI_18650_NMC_LCO_25C_0-100_0.5-1.5C_n,0.0869974135904067,0.0757112626381379,2.999,3.275,0.0112861509522688,0.2759999999999998,True,0
HNEI_18650_NMC_LCO_25C_0-100_0.5-1.5C_b,HNEI_18650_NMC_LCO_25C_0-100_0.5-1.5C_o,0.0869974135904067,0.08776470588235288,2.999,2.999,0.0007672922919461783,0.0,True,1
HNEI_18650_NMC_LCO_25C_0-100_0.5-1.5C_b,HNEI_18650_NMC_LCO_25C_0-100_0.5-1.5C_p,0.0869974135904067,0.13333333333333333,2.999,3.538,0.046335919742926626,0.5389999999999997,True,0
HNEI_18650_NMC_LCO_25C_0-100_0.5-1.5C_b,HNEI_18650_NMC_LCO_25C_0-100_0.5-1.5C_s,0.0869974135904067,0.07708578143360759,2.999,2.999,0.009911632156799119,0.0,True,0
HNEI_18650_NMC_LCO_25C_0-100_0.5-1.5C_b,HNEI_18650_NMC_LCO_25C_0-100_0.5-1.5C_t,0.0869974135904067,0.07970844110039982,2.999,3.286,0.007288972490006887,0.2869999999999999,True,0
HNEI_18650_NMC_LCO_25C_0-100_0.5-1.5C_c,HNEI_18650_NMC_LCO_25C_0-100_0.5-1.5C_d,0.07744821092278713,0.06595238095238078,3.302,3.525,0.011495829970406352,0.22299999999999986,True,0
HNEI_18650_NMC_LCO_25C_0-100_0.5-1.5C_c,HNEI_18650_NMC_LCO_25C_0-100_0.5-1.5C_e,0.07744821092278713,0.07790068251353259,3.302,3.008,0.0004524715907454624,0.29400000000000004,True,0
HNEI_18650_NMC_LCO_25C_0-100_0.5-1.5C_c,HNEI_18650_NMC_LCO_25C_0-100_0.5-1.5C_f,0.07744821092278713,0.07524100634846,3.302,2.999,0.002207204574327132,0.30299999999999994,True,0
HNEI_18650_NMC_LCO_25C_0-100_0.5-1.5C_c,HNEI_18650_NMC_LCO_25C_0-100_0.5-1.5C_g,0.07744821092278713,0.07672393504353957,3.302,2.999,0.0007242758792475601,0.30299999999999994,True,0
HNEI_18650_NMC_LCO_25C_0-100_0.5-1.5C_c,HNEI_18650_NMC_LCO_25C_0-100_0.5-1.5C_j,0.07744821092278713,0.07433545048223955,3.302,3.77,0.0031127604405475767,0.46799999999999997,True,0
HNEI_18650_NMC_LCO_25C_0-100_0.5-1.5C_c,HNEI_18650_NMC_LCO_25C_0-100_0.5-1.5C_l,0.07744821092278713,0.0673328574827505,3.302,3.551,0.010115353440036626,0.2490000000000001,True,0
HNEI_18650_NMC_LCO_25C_0-100_0.5-1.5C_c,HNEI_18650_NMC_LCO_25C_0-100_0.5-1.5C_n,0.07744821092278713,0.0757112626381379,3.302,3.275,0.001736948284649223,0.027000000000000135,True,1
HNEI_18650_NMC_LCO_25C_0-100_0.5-1.5C_c,HNEI_18650_NMC_LCO_25C_0-100_0.5-1.5C_o,0.07744821092278713,0.08776470588235288,3.302,2.999,0.010316494959565756,0.30299999999999994,True,0
HNEI_18650_NMC_LCO_25C_0-100_0.5-1.5C_c,HNEI_18650_NMC_LCO_25C_0-100_0.5-1.5C_p,0.07744821092278713,0.13333333333333333,3.302,3.538,0.055885122410546204,0.23599999999999977,True,0
HNEI_18650_NMC_LCO_25C_0-100_0.5-1.5C_c,HNEI_18650_NMC_LCO_25C_0-100_0.5-1.5C_s,0.07744821092278713,0.07708578143360759,3.302,2.999,0.00036242948917954154,0.30299999999999994,True,0
HNEI_18650_NMC_LCO_25C_0-100_0.5-1.5C_c,HNEI_18650_NMC_LCO_25C_0-100_0.5-1.5C_t,0.07744821092278713,0.07970844110039982,3.302,3.286,0.0022602301776126904,0.016000000000000014,True,1
HNEI_18650_NMC_LCO_25C_0-100_0.5-1.5C_d,HNEI_18650_NMC_LCO_25C_0-100_0.5-1.5C_e,0.06595238095238078,0.07790068251353259,3.525,3.008,0.011948301561151814,0.5169999999999999,True,0
HNEI_18650_NMC_LCO_25C_0-100_0.5-1.5C_d,HNEI_18650_NMC_LCO_25C_0-100_0.5-1.5C_f,0.06595238095238078,0.07524100634846,3.525,2.999,0.00928862539607922,0.5259999999999998,True,0
HNEI_18650_NMC_LCO_25C_0-100_0.5-1.5C_d,HNEI_18650_NMC_LCO_25C_0-100_0.5-1.5C_g,0.06595238095238078,0.07672393504353957,3.525,2.999,0.010771554091158791,0.5259999999999998,True,0
HNEI_18650_NMC_LCO_25C_0-100_0.5-1.5C_d,HNEI_18650_NMC_LCO_25C_0-100_0.5-1.5C_j,0.06595238095238078,0.07433545048223955,3.525,3.77,0.008383069529858775,0.2450000000000001,True,0
HNEI_18650_NMC_LCO_25C_0-100_0.5-1.5C_d,HNEI_18650_NMC_LCO_25C_0-100_0.5-1.5C_l,0.06595238095238078,0.0673328574827505,3.525,3.551,0.0013804765303697258,0.026000000000000245,True,1
HNEI_18650_NMC_LCO_25C_0-100_0.5-1.5C_d,HNEI_18650_NMC_LCO_25C_0-100_0.5-1.5C_n,0.06595238095238078,0.0757112626381379,3.525,3.275,0.009758881685757129,0.25,True,0
HNEI_18650_NMC_LCO_25C_0-100_0.5-1.5C_d,HNEI_18650_NMC_LCO_25C_0-100_0.5-1.5C_o,0.06595238095238078,0.08776470588235288,3.525,2.999,0.021812324929972107,0.5259999999999998,True,0
HNEI_18650_NMC_LCO_25C_0-100_0.5-1.5C_d,HNEI_18650_NMC_LCO_25C_0-100_0.5-1.5C_p,0.06595238095238078,0.13333333333333333,3.525,3.538,0.06738095238095256,0.0129999999999999,True,0
HNEI_18650_NMC_LCO_25C_0-100_0.5-1.5C_d,HNEI_18650_NMC_LCO_25C_0-100_0.5-1.5C_s,0.06595238095238078,0.07708578143360759,3.525,2.999,0.01113340048122681,0.5259999999999998,True,0
HNEI_18650_NMC_LCO_25C_0-100_0.5-1.5C_d,HNEI_18650_NMC_LCO_25C_0-100_0.5-1.5C_t,0.06595238095238078,0.07970844110039982,3.525,3.286,0.013756060148019042,0.23899999999999988,True,0
HNEI_18650_NMC_LCO_25C_0-100_0.5-1.5C_e,HNEI_18650_NMC_LCO_25C_0-100_0.5-1.5C_f,0.07790068251353259,0.07524100634846,3.008,2.999,0.002659676165072594,0.008999999999999897,True,1
HNEI_18650_NMC_LCO_25C_0-100_0.5-1.5C_e,HNEI_18650_NMC_LCO_25C_0-100_0.5-1.5C_g,0.07790068251353259,0.07672393504353957,3.008,2.999,0.0011767474699930225,0.008999999999999897,True,1
HNEI_18650_NMC_LCO_25C_0-100_0.5-1.5C_e,HNEI_18650_NMC_LCO_25C_0-100_0.5-1.5C_j,0.07790068251353259,0.07433545048223955,3.008,3.77,0.003565232031293039,0.762,True,0
HNEI_18650_NMC_LCO_25C_0-100_0.5-1.5C_e,HNEI_18650_NMC_LCO_25C_0-100_0.5-1.5C_l,0.07790068251353259,0.0673328574827505,3.008,3.551,0.010567825030782088,0.5430000000000001,True,0
HNEI_18650_NMC_LCO_25C_0-100_0.5-1.5C_e,HNEI_18650_NMC_LCO_25C_0-100_0.5-1.5C_n,0.07790068251353259,0.0757112626381379,3.008,3.275,0.0021894198753946853,0.2669999999999999,True,0
HNEI_18650_NMC_LCO_25C_0-100_0.5-1.5C_e,HNEI_18650_NMC_LCO_25C_0-100_0.5-1.5C_o,0.07790068251353259,0.08776470588235288,3.008,2.999,0.009864023368820293,0.008999999999999897,True,0
HNEI_18650_NMC_LCO_25C_0-100_0.5-1.5C_e,HNEI_18650_NMC_LCO_25C_0-100_0.5-1.5C_p,0.07790068251353259,0.13333333333333333,3.008,3.538,0.05543265081980074,0.5299999999999998,True,0
HNEI_18650_NMC_LCO_25C_0-100_0.5-1.5C_e,HNEI_18650_NMC_LCO_25C_0-100_0.5-1.5C_s,0.07790068251353259,0.07708578143360759,3.008,2.999,0.0008149010799250039,0.008999999999999897,True,1
HNEI_18650_NMC_LCO_25C_0-100_0.5-1.5C_e,HNEI_18650_NMC_LCO_25C_0-100_0.5-1.5C_t,0.07790068251353259,0.07970844110039982,3.008,3.286,0.001807758586867228,0.278,True,0
HNEI_18650_NMC_LCO_25C_0-100_0.5-1.5C_f,HNEI_18650_NMC_LCO_25C_0-100_0.5-1.5C_g,0.07524100634846,0.07672393504353957,2.999,2.999,0.0014829286950795717,0.0,True,1
HNEI_18650_NMC_LCO_25C_0-100_0.5-1.5C_f,HNEI_18650_NMC_LCO_25C_0-100_0.5-1.5C_j,0.07524100634846,0.07433545048223955,2.999,3.77,0.0009055558662204449,0.7709999999999999,True,0
HNEI_18650_NMC_LCO_25C_0-100_0.5-1.5C_f,HNEI_18650_NMC_LCO_25C_0-100_0.5-1.5C_l,0.07524100634846,0.0673328574827505,2.999,3.551,0.007908148865709494,0.552,True,0
HNEI_18650_NMC_LCO_25C_0-100_0.5-1.5C_f,HNEI_18650_NMC_LCO_25C_0-100_0.5-1.5C_n,0.07524100634846,0.0757112626381379,2.999,3.275,0.0004702562896779089,0.2759999999999998,True,0
HNEI_18650_NMC_LCO_25C_0-100_0.5-1.5C_f,HNEI_18650_NMC_LCO_25C_0-100_0.5-1.5C_o,0.07524100634846,0.08776470588235288,2.999,2.999,0.012523699533892887,0.0,True,0
HNEI_18650_NMC_LCO_25C_0-100_0.5-1.5C_f,HNEI_18650_NMC_LCO_25C_0-100_0.5-1.5C_p,0.07524100634846,0.13333333333333333,2.999,3.538,0.058092326984873335,0.5389999999999997,True,0
HNEI_18650_NMC_LCO_25C_0-100_0.5-1.5C_f,HNEI_18650_NMC_LCO_25C_0-100_0.5-1.5C_s,0.07524100634846,0.07708578143360759,2.999,2.999,0.0018447750851475903,0.0,True,1
HNEI_18650_NMC_LCO_25C_0-100_0.5-1.5C_f,HNEI_18650_NMC_LCO_25C_0-100_0.5-1.5C_t,0.07524100634846,0.07970844110039982,2.999,3.286,0.004467434751939822,0.2869999999999999,True,0
HNEI_18650_NMC_LCO_25C_0-100_0.5-1.5C_g,HNEI_18650_NMC_LCO_25C_0-100_0.5-1.5C_j,0.07672393504353957,0.07433545048223955,2.999,3.77,0.0023884845613000166,0.7709999999999999,True,0
HNEI_18650_NMC_LCO_25C_0-100_0.5-1.5C_g,HNEI_18650_NMC_LCO_25C_0-100_0.5-1.5C_l,0.07672393504353957,0.0673328574827505,2.999,3.551,0.009391077560789066,0.552,True,0
HNEI_18650_NMC_LCO_25C_0-100_0.5-1.5C_g,HNEI_18650_NMC_LCO_25C_0-100_0.5-1.5C_n,0.07672393504353957,0.0757112626381379,2.999,3.275,0.0010126724054016628,0.2759999999999998,True,0
HNEI_18650_NMC_LCO_25C_0-100_0.5-1.5C_g,HNEI_18650_NMC_LCO_25C_0-100_0.5-1.5C_o,0.07672393504353957,0.08776470588235288,2.999,2.999,0.011040770838813316,0.0,True,0
HNEI_18650_NMC_LCO_25C_0-100_0.5-1.5C_g,HNEI_18650_NMC_LCO_25C_0-100_0.5-1.5C_p,0.07672393504353957,0.13333333333333333,2.999,3.538,0.056609398289793764,0.5389999999999997,True,0
HNEI_18650_NMC_LCO_25C_0-100_0.5-1.5C_g,HNEI_18650_NMC_LCO_25C_0-100_0.5-1.5C_s,0.07672393504353957,0.07708578143360759,2.999,2.999,0.00036184639006801855,0.0,True,1
HNEI_18650_NMC_LCO_25C_0-100_0.5-1.5C_g,HNEI_18650_NMC_LCO_25C_0-100_0.5-1.5C_t,0.07672393504353957,0.07970844110039982,2.999,3.286,0.0029845060568602505,0.2869999999999999,True,0
HNEI_18650_NMC_LCO_25C_0-100_0.5-1.5C_j,HNEI_18650_NMC_LCO_25C_0-100_0.5-1.5C_l,0.07433545048223955,0.0673328574827505,3.77,3.551,0.007002592999489049,0.21899999999999986,True,0
HNEI_18650_NMC_LCO_25C_0-100_0.5-1.5C_j,HNEI_18650_NMC_LCO_25C_0-100_0.5-1.5C_n,0.07433545048223955,0.0757112626381379,3.77,3.275,0.0013758121558983538,0.4950000000000001,True,0
HNEI_18650_NMC_LCO_25C_0-100_0.5-1.5C_j,HNEI_18650_NMC_LCO_25C_0-100_0.5-1.5C_o,0.07433545048223955,0.08776470588235288,3.77,2.999,0.013429255400113332,0.7709999999999999,True,0
HNEI_18650_NMC_LCO_25C_0-100_0.5-1.5C_j,HNEI_18650_NMC_LCO_25C_0-100_0.5-1.5C_p,0.07433545048223955,0.13333333333333333,3.77,3.538,0.05899788285109378,0.2320000000000002,True,0
HNEI_18650_NMC_LCO_25C_0-100_0.5-1.5C_j,HNEI_18650_NMC_LCO_25C_0-100_0.5-1.5C_s,0.07433545048223955,0.07708578143360759,3.77,2.999,0.002750330951368035,0.7709999999999999,True,0
HNEI_18650_NMC_LCO_25C_0-100_0.5-1.5C_j,HNEI_18650_NMC_LCO_25C_0-100_0.5-1.5C_t,0.07433545048223955,0.07970844110039982,3.77,3.286,0.005372990618160267,0.484,True,0
HNEI_18650_NMC_LCO_25C_0-100_0.5-1.5C_l,HNEI_18650_NMC_LCO_25C_0-100_0.5-1.5C_n,0.0673328574827505,0.0757112626381379,3.551,3.275,0.008378405155387403,0.27600000000000025,True,0
HNEI_18650_NMC_LCO_25C_0-100_0.5-1.5C_l,HNEI_18650_NMC_LCO_25C_0-100_0.5-1.5C_o,0.0673328574827505,0.08776470588235288,3.551,2.999,0.02043184839960238,0.552,True,0
HNEI_18650_NMC_LCO_25C_0-100_0.5-1.5C_l,HNEI_18650_NMC_LCO_25C_0-100_0.5-1.5C_p,0.0673328574827505,0.13333333333333333,3.551,3.538,0.06600047585058283,0.013000000000000345,True,0
HNEI_18650_NMC_LCO_25C_0-100_0.5-1.5C_l,HNEI_18650_NMC_LCO_25C_0-100_0.5-1.5C_s,0.0673328574827505,0.07708578143360759,3.551,2.999,0.009752923950857084,0.552,True,0
HNEI_18650_NMC_LCO_25C_0-100_0.5-1.5C_l,HNEI_18650_NMC_LCO_25C_0-100_0.5-1.5C_t,0.0673328574827505,0.07970844110039982,3.551,3.286,0.012375583617649316,0.2650000000000001,True,0
HNEI_18650_NMC_LCO_25C_0-100_0.5-1.5C_n,HNEI_18650_NMC_LCO_25C_0-100_0.5-1.5C_o,0.0757112626381379,0.08776470588235288,3.275,2.999,0.012053443244214979,0.2759999999999998,True,0
HNEI_18650_NMC_LCO_25C_0-100_0.5-1.5C_n,HNEI_18650_NMC_LCO_25C_0-100_0.5-1.5C_p,0.0757112626381379,0.13333333333333333,3.275,3.538,0.057622070695195426,0.2629999999999999,True,0
HNEI_18650_NMC_LCO_25C_0-100_0.5-1.5C_n,HNEI_18650_NMC_LCO_25C_0-100_0.5-1.5C_s,0.0757112626381379,0.07708578143360759,3.275,2.999,0.0013745187954696814,0.2759999999999998,True,0
HNEI_18650_NMC_LCO_25C_0-100_0.5-1.5C_n,HNEI_18650_NMC_LCO_25C_0-100_0.5-1.5C_t,0.0757112626381379,0.07970844110039982,3.275,3.286,0.003997178462261913,0.01100000000000012,True,1
HNEI_18650_NMC_LCO_25C_0-100_0.5-1.5C_o,HNEI_18650_NMC_LCO_25C_0-100_0.5-1.5C_p,0.08776470588235288,0.13333333333333333,2.999,3.538,0.04556862745098045,0.5389999999999997,True,0
HNEI_18650_NMC_LCO_25C_0-100_0.5-1.5C_o,HNEI_18650_NMC_LCO_25C_0-100_0.5-1.5C_s,0.08776470588235288,0.07708578143360759,2.999,2.999,0.010678924448745297,0.0,True,0
HNEI_18650_NMC_LCO_25C_0-100_0.5-1.5C_o,HNEI_18650_NMC_LCO_25C_0-100_0.5-1.5C_t,0.08776470588235288,0.07970844110039982,2.999,3.286,0.008056264781953065,0.2869999999999999,True,0
HNEI_18650_NMC_LCO_25C_0-100_0.5-1.5C_p,HNEI_18650_NMC_LCO_25C_0-100_0.5-1.5C_s,0.13333333333333333,0.07708578143360759,3.538,2.999,0.056247551899725745,0.5389999999999997,True,0
HNEI_18650_NMC_LCO_25C_0-100_0.5-1.5C_p,HNEI_18650_NMC_LCO_25C_0-100_0.5-1.5C_t,0.13333333333333333,0.07970844110039982,3.538,3.286,0.05362489223293351,0.2519999999999998,True,0
HNEI_18650_NMC_LCO_25C_0-100_0.5-1.5C_s,HNEI_18650_NMC_LCO_25C_0-100_0.5-1.5C_t,0.07708578143360759,0.07970844110039982,2.999,3.286,0.002622659666792232,0.2869999999999999,True,0
